m_id,brite_dev_id,m_datetime,power_factor,volt,amp,accu_kWh,saved_kWh,accum_op_time,power
3104092,352,"2016-11-13 00:00:47",0.61,113.6,0.031,0.6,0,42.42,2.1481759864144316
3104120,352,"2016-11-13 00:01:46",0.62,113.5,0.031,0.6,0,42.44,2.1814699811252947
3104149,352,"2016-11-13 00:02:46",0.62,113.6,0.031,0.6,0,42.45,2.1833919517812728
3104178,352,"2016-11-13 00:03:46",0.61,113.6,0.031,0.6,0,42.47,2.1481759864144316
3104207,352,"2016-11-13 00:04:46",0.6,113.5,0.032,0.6,0,42.49,2.1792001901000777
3104236,352,"2016-11-13 00:05:46",0.61,113.5,0.031,0.6,0,42.5,2.146285015255361
3104267,352,"2016-11-13 00:06:46",0.61,113.6,0.031,0.6,0,42.52,2.1481759864144316
3104298,352,"2016-11-13 00:07:46",0.61,113.6,0.031,0.6,0,42.53,2.1481759864144316
3104330,352,"2016-11-13 00:08:46",0.6,113.5,0.032,0.6,0,42.55,2.1792001901000777
3104362,352,"2016-11-13 00:09:46",0.61,113.3,0.031,0.6,0,42.57,2.14250307293722
3104393,352,"2016-11-13 00:10:48",0.61,113.5,0.031,0.6,0,42.58,2.146285015255361
3104423,352,"2016-11-13 00:11:46",0.61,113.5,0.031,0.6,0,42.6,2.146285015255361
3104452,352,"2016-11-13 00:12:46",0.6,113.3,0.031,0.6,0,42.62,2.107380106061101
3104481,352,"2016-11-13 00:13:46",0.61,113.5,0.031,0.6,0,42.63,2.146285015255361
3104510,352,"2016-11-13 00:14:46",0.59,113.2,0.032,0.6,0,42.65,2.1372159488939
3104539,352,"2016-11-13 00:15:46",0.61,113.4,0.031,0.6,0,42.66,2.1443940440962903
3104568,352,"2016-11-13 00:16:46",0.62,113.6,0.031,0.6,0,42.68,2.1833919517812728
3104598,352,"2016-11-13 00:17:46",0.6,113.4,0.031,0.6,0,42.7,2.109240077723264
3104627,352,"2016-11-13 00:18:46",0.61,113.4,0.031,0.6,0,42.71,2.1443940440962903
3104656,352,"2016-11-13 00:19:46",0.61,113.5,0.031,0.6,0,42.73,2.146285015255361
3104685,352,"2016-11-13 00:20:46",0.61,113.4,0.031,0.6,0,42.75,2.1443940440962903
3104715,352,"2016-11-13 00:21:46",0.6,113.6,0.031,0.6,0,42.76,2.11296002104759
3104744,352,"2016-11-13 00:22:46",0.62,113.6,0.031,0.6,0,42.78,2.1833919517812728
3104773,352,"2016-11-13 00:23:46",0.61,113.3,0.031,0.6,0,42.8,2.14250307293722
3104802,352,"2016-11-13 00:24:46",0.62,113.7,0.031,0.6,0,42.81,2.185313922437251
3104831,352,"2016-11-13 00:25:46",0.6,113.6,0.031,0.6,0,42.83,2.11296002104759
3104860,352,"2016-11-13 00:26:46",0.62,113.4,0.031,0.6,0,42.85,2.179548010469317
3104889,352,"2016-11-13 00:27:46",0.62,113.6,0.031,0.6,0,42.86,2.1833919517812728
3104919,352,"2016-11-13 00:28:46",0.59,113.4,0.032,0.6,0,42.88,2.1409920353311853
3104948,352,"2016-11-13 00:29:46",0.61,113.5,0.031,0.6,0,42.89,2.146285015255361
3104977,352,"2016-11-13 00:30:48",0.61,113.6,0.031,0.6,0,42.91,2.1481759864144316
3105006,352,"2016-11-13 00:31:46",0.62,113.4,0.031,0.6,0,42.93,2.179548010469317
3105035,352,"2016-11-13 00:32:46",0.61,113.4,0.031,0.6,0,42.94,2.1443940440962903
3105065,352,"2016-11-13 00:33:46",0.61,113.4,0.031,0.6,0,42.96,2.1443940440962903
3105095,352,"2016-11-13 00:34:46",0.6,113.4,0.031,0.6,0,42.98,2.109240077723264
3105125,352,"2016-11-13 00:35:46",0.59,113.2,0.032,0.6,0,42.99,2.1372159488939
3105155,352,"2016-11-13 00:36:46",0.61,113.3,0.031,0.6,0,43.01,2.14250307293722
3105186,352,"2016-11-13 00:37:46",0.62,113.3,0.031,0.6,0,43.02,2.177626039813339
3105216,352,"2016-11-13 00:38:46",0.59,113,0.032,0.6,0,43.04,2.133440006499584
3105246,352,"2016-11-13 00:39:46",0.61,113.2,0.031,0.6,0,43.06,2.1406119575062976
3105276,352,"2016-11-13 00:40:46",0.61,113.2,0.031,0.6,0,43.07,2.1406119575062976
3105305,352,"2016-11-13 00:41:46",0.59,113.1,0.032,0.6,0,43.09,2.135327977696742
3105334,352,"2016-11-13 00:42:46",0.61,113.3,0.031,0.6,0,43.11,2.14250307293722
3105365,352,"2016-11-13 00:43:46",0.62,114.2,0.031,0.6,0,43.12,2.194923922354102
3105393,352,"2016-11-13 00:44:46",0.62,114.2,0.031,0.6,0,43.14,2.194923922354102
3105422,352,"2016-11-13 00:45:46",0.62,114.2,0.031,0.6,0,43.16,2.194923922354102
3105451,352,"2016-11-13 00:46:46",0.61,114.1,0.031,0.6,0,43.17,2.1576309864816356
3105480,352,"2016-11-13 00:47:46",0.62,114.2,0.031,0.6,0,43.19,2.194923922354102
3105509,352,"2016-11-13 00:48:46",0.62,114.2,0.031,0.6,0,43.2,2.194923922354102
3105538,352,"2016-11-13 00:49:46",0.61,114,0.031,0.6,0,43.22,2.155740015322565
3105567,352,"2016-11-13 00:50:46",0.62,114.2,0.031,0.6,0,43.24,2.194923922354102
3105594,352,"2016-11-13 00:51:46",0.63,114.2,0.031,0.6,0,43.25,2.2303258870674987
3105623,352,"2016-11-13 00:52:46",0.6,113.8,0.031,0.6,0,43.27,2.116680106278658
3105652,352,"2016-11-13 00:53:46",0.62,114.3,0.031,0.6,0,43.29,2.196846039647042
3105679,352,"2016-11-13 00:54:46",0.62,114,0.031,0.6,0,43.3,2.1910799810421464
3105706,352,"2016-11-13 00:55:46",0.61,114,0.031,0.6,0,43.32,2.155740015322565
3105736,352,"2016-11-13 00:56:46",0.62,114.2,0.031,0.6,0,43.34,2.194923922354102
3105763,352,"2016-11-13 00:57:46",0.6,114.2,0.031,0.6,0,43.35,2.12411999292731
3105791,352,"2016-11-13 00:58:46",0.62,114.2,0.031,0.6,0,43.37,2.194923922354102
3105819,352,"2016-11-13 00:59:46",0.61,114.1,0.031,0.6,0,43.39,2.1576309864816356
3105847,352,"2016-11-13 01:00:46",0.61,114.3,0.031,0.6,0,43.4,2.1614130730716283
3105876,352,"2016-11-13 01:01:46",0.61,114,0.031,0.6,0,43.42,2.155740015322565
3105906,352,"2016-11-13 01:02:46",0.61,113.9,0.031,0.6,0,43.43,2.1538490441634948
3105936,352,"2016-11-13 01:03:46",0.62,114,0.031,0.6,0,43.45,2.1910799810421464
3105967,352,"2016-11-13 01:04:46",0.63,114,0.031,0.6,0,43.47,2.2264199467617276
3105999,352,"2016-11-13 01:05:46",0.61,114,0.031,0.6,0,43.48,2.155740015322565
3106031,352,"2016-11-13 01:06:46",0.62,114,0.031,0.6,0,43.5,2.1910799810421464
3106063,352,"2016-11-13 01:07:46",0.61,114.1,0.031,0.6,0,43.52,2.1576309864816356
3106095,352,"2016-11-13 01:08:46",0.62,114,0.031,0.6,0,43.53,2.1910799810421464
3106127,352,"2016-11-13 01:09:46",0.61,114.1,0.031,0.6,0,43.55,2.1576309864816356
3106159,352,"2016-11-13 01:10:46",0.61,114.2,0.031,0.6,0,43.57,2.159521957640706
3106192,352,"2016-11-13 01:11:46",0.62,114,0.031,0.6,0,43.58,2.1910799810421464
3106226,352,"2016-11-13 01:12:46",0.61,113.9,0.031,0.6,0,43.6,2.1538490441634948
3106256,352,"2016-11-13 01:13:46",0.61,114.1,0.031,0.6,0,43.61,2.1576309864816356
3106288,352,"2016-11-13 01:14:46",0.61,113.9,0.031,0.6,0,43.63,2.1538490441634948
3106316,352,"2016-11-13 01:15:46",0.62,113.8,0.031,0.6,0,43.65,2.1872360397301907
3106344,352,"2016-11-13 01:16:46",0.62,113.9,0.031,0.6,0,43.66,2.1891580103861683
3106374,352,"2016-11-13 01:17:46",0.62,114.1,0.031,0.6,0,43.68,2.1930019516981245
3106403,352,"2016-11-13 01:18:46",0.61,113.7,0.031,0.6,0,43.7,2.150066957573502
3106432,352,"2016-11-13 01:19:46",0.62,114.1,0.031,0.6,0,43.71,2.1930019516981245
3106461,352,"2016-11-13 01:20:46",0.62,114.1,0.031,0.6,0,43.73,2.1930019516981245
3106490,352,"2016-11-13 01:21:46",0.61,113.7,0.031,0.6,0,43.75,2.150066957573502
3106519,352,"2016-11-13 01:22:46",0.61,114.2,0.031,0.6,0,43.76,2.159521957640706
3106548,352,"2016-11-13 01:23:46",0.61,113.8,0.031,0.6,0,43.78,2.1519580730044243
3106577,352,"2016-11-13 01:24:46",0.6,113.9,0.031,0.6,0,43.79,2.1185400779408208
3106606,352,"2016-11-13 01:25:46",0.62,114,0.031,0.6,0,43.81,2.1910799810421464
3106635,352,"2016-11-13 01:26:46",0.61,113.9,0.031,0.6,0,43.83,2.1538490441634948
3106664,352,"2016-11-13 01:27:46",0.62,114,0.031,0.6,0,43.84,2.1910799810421464
3106693,352,"2016-11-13 01:28:46",0.61,113.8,0.031,0.6,0,43.86,2.1519580730044243
3106722,352,"2016-11-13 01:29:46",0.61,113.8,0.031,0.6,0,43.88,2.1519580730044243
3106751,352,"2016-11-13 01:30:46",0.61,113.9,0.031,0.6,0,43.89,2.1538490441634948
3106780,352,"2016-11-13 01:31:46",0.62,113.9,0.031,0.6,0,43.91,2.1891580103861683
3106809,352,"2016-11-13 01:32:46",0.61,113.7,0.031,0.6,0,43.93,2.150066957573502
3106838,352,"2016-11-13 01:33:46",0.62,113.9,0.031,0.6,0,43.94,2.1891580103861683
3106867,352,"2016-11-13 01:34:46",0.61,113.9,0.031,0.6,0,43.96,2.1538490441634948
3106896,352,"2016-11-13 01:35:46",0.61,113.6,0.031,0.6,0,43.97,2.1481759864144316
3106927,352,"2016-11-13 01:36:46",0.61,113.9,0.031,0.6,0,43.99,2.1538490441634948
3106955,352,"2016-11-13 01:37:46",0.61,113.8,0.031,0.6,0,44.01,2.1519580730044243
3106986,352,"2016-11-13 01:38:46",0.61,113.7,0.031,0.6,0,44.02,2.150066957573502
3107016,352,"2016-11-13 01:39:46",0.61,113.8,0.031,0.6,0,44.04,2.1519580730044243
3107047,352,"2016-11-13 01:40:46",0.61,113.8,0.031,0.6,0,44.06,2.1519580730044243
3107076,352,"2016-11-13 01:41:46",0.61,113.7,0.031,0.6,0,44.07,2.150066957573502
3107105,352,"2016-11-13 01:42:46",0.61,113.9,0.031,0.6,0,44.09,2.1538490441634948
3107134,352,"2016-11-13 01:43:46",0.61,113.9,0.031,0.6,0,44.11,2.1538490441634948
3107163,352,"2016-11-13 01:44:46",0.61,113.4,0.031,0.6,0,44.12,2.1443940440962903
3107192,352,"2016-11-13 01:45:46",0.61,113.8,0.031,0.6,0,44.14,2.1519580730044243
3107221,352,"2016-11-13 01:46:46",0.61,113.7,0.031,0.6,0,44.15,2.150066957573502
3107249,352,"2016-11-13 01:47:46",0.61,113.6,0.031,0.6,0,44.17,2.1481759864144316
3107277,352,"2016-11-13 01:48:45",0.62,114,0.031,0.6,0,44.19,2.1910799810421464
3107305,352,"2016-11-13 01:49:45",0.61,114,0.031,0.6,0,44.2,2.155740015322565
3107333,352,"2016-11-13 01:50:45",0.62,113.9,0.031,0.6,0,44.22,2.1891580103861683
3107361,352,"2016-11-13 01:51:45",0.61,113.8,0.031,0.6,0,44.24,2.1519580730044243
3107389,352,"2016-11-13 01:52:45",0.61,114,0.031,0.6,0,44.25,2.155740015322565
3107417,352,"2016-11-13 01:53:45",0.61,114,0.031,0.6,0,44.27,2.155740015322565
3107445,352,"2016-11-13 01:54:45",0.62,113.8,0.031,0.6,0,44.29,2.1872360397301907
3107474,352,"2016-11-13 01:55:45",0.6,113.5,0.031,0.6,0,44.3,2.111100049385427
3107502,352,"2016-11-13 01:56:45",0.61,113.8,0.031,0.6,0,44.32,2.1519580730044243
3107530,352,"2016-11-13 01:57:45",0.62,113.8,0.031,0.6,0,44.34,2.1872360397301907
3107560,352,"2016-11-13 01:58:45",0.61,113.5,0.031,0.6,0,44.35,2.146285015255361
3107589,352,"2016-11-13 01:59:45",0.61,114.1,0.031,0.6,0,44.37,2.1576309864816356
3107618,352,"2016-11-13 02:00:45",0.63,114.1,0.031,0.6,0,44.38,2.228372916914613
3107646,352,"2016-11-13 02:01:45",0.61,114,0.031,0.6,0,44.4,2.155740015322565
3107674,352,"2016-11-13 02:02:45",0.62,114.2,0.031,0.6,0,44.42,2.194923922354102
3107702,352,"2016-11-13 02:03:45",0.61,114.1,0.031,0.6,0,44.43,2.1576309864816356
3107730,352,"2016-11-13 02:04:45",0.61,114,0.031,0.6,0,44.45,2.155740015322565
3107758,352,"2016-11-13 02:05:45",0.61,113.8,0.031,0.6,0,44.47,2.1519580730044243
3107787,352,"2016-11-13 02:06:45",0.62,114.1,0.031,0.6,0,44.48,2.1930019516981245
3107815,352,"2016-11-13 02:07:45",0.62,113.8,0.031,0.6,0,44.5,2.1872360397301907
3107843,352,"2016-11-13 02:08:45",0.63,113.9,0.031,0.6,0,44.52,2.2244669766088423
3107871,352,"2016-11-13 02:09:45",0.61,114,0.031,0.6,0,44.53,2.155740015322565
3107899,352,"2016-11-13 02:10:45",0.62,114.1,0.031,0.6,0,44.55,2.1930019516981245
3107927,352,"2016-11-13 02:11:45",0.62,114,0.031,0.6,0,44.56,2.1910799810421464
3107955,352,"2016-11-13 02:12:45",0.61,114.2,0.031,0.6,0,44.58,2.159521957640706
3107983,352,"2016-11-13 02:13:45",0.61,114.2,0.031,0.6,0,44.6,2.159521957640706
3108011,352,"2016-11-13 02:14:45",0.61,113.8,0.031,0.6,0,44.61,2.1519580730044243
3108040,352,"2016-11-13 02:15:45",0.62,114,0.031,0.6,0,44.63,2.1910799810421464
3108069,352,"2016-11-13 02:16:45",0.62,114.1,0.031,0.6,0,44.65,2.1930019516981245
3108098,352,"2016-11-13 02:17:45",0.61,113.9,0.031,0.6,0,44.66,2.1538490441634948
3108129,352,"2016-11-13 02:18:45",0.61,113.7,0.031,0.6,0,44.68,2.150066957573502
3108157,352,"2016-11-13 02:19:45",0.61,113.9,0.031,0.6,0,44.7,2.1538490441634948
3108187,352,"2016-11-13 02:20:45",0.61,113.8,0.031,0.6,0,44.71,2.1519580730044243
3108216,352,"2016-11-13 02:21:45",0.61,113.9,0.031,0.6,0,44.73,2.1538490441634948
3108245,352,"2016-11-13 02:22:45",0.61,114,0.031,0.6,0,44.74,2.155740015322565
3108274,352,"2016-11-13 02:23:45",0.61,114.1,0.031,0.6,0,44.76,2.1576309864816356
3108303,352,"2016-11-13 02:24:45",0.62,114.1,0.031,0.6,0,44.78,2.1930019516981245
3108332,352,"2016-11-13 02:25:45",0.61,113.9,0.031,0.6,0,44.79,2.1538490441634948
3108363,352,"2016-11-13 02:26:45",0.61,114,0.031,0.6,0,44.81,2.155740015322565
3108391,352,"2016-11-13 02:27:45",0.62,113.9,0.031,0.6,0,44.83,2.1891580103861683
3108420,352,"2016-11-13 02:28:45",0.61,113.7,0.031,0.6,0,44.84,2.150066957573502
3108449,352,"2016-11-13 02:29:45",0.61,113.9,0.031,0.6,0,44.86,2.1538490441634948
3108478,352,"2016-11-13 02:30:45",0.62,114,0.031,0.6,0,44.88,2.1910799810421464
3108507,352,"2016-11-13 02:31:45",0.61,113.6,0.031,0.6,0,44.89,2.1481759864144316
3108536,352,"2016-11-13 02:32:45",0.62,113.9,0.031,0.6,0,44.91,2.1891580103861683
3108565,352,"2016-11-13 02:33:45",0.63,113.9,0.031,0.6,0,44.93,2.2244669766088423
3108594,352,"2016-11-13 02:34:45",0.61,113.6,0.031,0.6,0,44.94,2.1481759864144316
3108623,352,"2016-11-13 02:35:45",0.61,114,0.031,0.6,0,44.96,2.155740015322565
3108652,352,"2016-11-13 02:36:45",0.61,114,0.031,0.6,0,44.97,2.155740015322565
3108681,352,"2016-11-13 02:37:45",0.61,113.8,0.031,0.6,0,44.99,2.1519580730044243
3108710,352,"2016-11-13 02:38:45",0.62,114,0.031,0.6,0,45.01,2.1910799810421464
3108739,352,"2016-11-13 02:39:45",0.61,114,0.031,0.6,0,45.02,2.155740015322565
3108768,352,"2016-11-13 02:40:45",0.62,113.7,0.031,0.6,0,45.04,2.185313922437251
3108797,352,"2016-11-13 02:41:45",0.61,113.8,0.031,0.6,0,45.06,2.1519580730044243
3108826,352,"2016-11-13 02:42:45",0.61,113.7,0.031,0.6,0,45.07,2.150066957573502
3108855,352,"2016-11-13 02:43:45",0.61,113.7,0.031,0.6,0,45.09,2.150066957573502
3108884,352,"2016-11-13 02:44:45",0.61,113.6,0.031,0.6,0,45.11,2.1481759864144316
3108913,352,"2016-11-13 02:45:45",0.61,113.5,0.031,0.6,0,45.12,2.146285015255361
3108943,352,"2016-11-13 02:46:45",0.62,113.5,0.031,0.6,0,45.14,2.1814699811252947
3108972,352,"2016-11-13 02:47:45",0.61,113.6,0.031,0.6,0,45.15,2.1481759864144316
3109001,352,"2016-11-13 02:48:45",0.61,113.4,0.031,0.6,0,45.17,2.1443940440962903
3109030,352,"2016-11-13 02:49:45",0.62,113.6,0.031,0.6,0,45.19,2.1833919517812728
3109060,352,"2016-11-13 02:50:45",0.62,113.6,0.031,0.6,0,45.2,2.1833919517812728
3109089,352,"2016-11-13 02:51:45",0.6,113.3,0.031,0.6,0,45.22,2.107380106061101
3109118,352,"2016-11-13 02:52:45",0.62,113.5,0.031,0.6,0,45.24,2.1814699811252947
3109147,352,"2016-11-13 02:53:45",0.61,113.5,0.031,0.6,0,45.25,2.146285015255361
3109178,352,"2016-11-13 02:54:45",0.6,113.3,0.031,0.6,0,45.27,2.107380106061101
3109206,352,"2016-11-13 02:55:45",0.61,113.4,0.031,0.6,0,45.29,2.1443940440962903
3109235,352,"2016-11-13 02:56:45",0.6,113.6,0.032,0.6,0,45.3,2.1811201609706896
3109264,352,"2016-11-13 02:57:45",0.59,113.2,0.032,0.6,0,45.32,2.1372159488939
3109293,352,"2016-11-13 02:58:45",0.6,113.4,0.031,0.6,0,45.33,2.109240077723264
3109322,352,"2016-11-13 02:59:45",0.61,113.5,0.031,0.6,0,45.35,2.146285015255361
3109351,352,"2016-11-13 03:00:45",0.61,113.1,0.031,0.6,0,45.37,2.138720986347227
3109380,352,"2016-11-13 03:01:45",0.6,113.3,0.032,0.6,0,45.38,2.1753602483588548
3109409,352,"2016-11-13 03:02:45",0.61,113.2,0.031,0.6,0,45.4,2.1406119575062976
3109438,352,"2016-11-13 03:03:45",0.6,113.3,0.031,0.6,0,45.42,2.107380106061101
3109467,352,"2016-11-13 03:04:45",0.59,113.2,0.032,0.6,0,45.43,2.1372159488939
3109496,352,"2016-11-13 03:05:45",0.61,113.5,0.031,0.6,0,45.45,2.146285015255361
3109527,352,"2016-11-13 03:06:45",0.59,113.3,0.032,0.6,0,45.47,2.139104064134027
3109555,352,"2016-11-13 03:07:45",0.59,113.2,0.032,0.6,0,45.48,2.1372159488939
3109584,352,"2016-11-13 03:08:45",0.6,113.6,0.031,0.6,0,45.5,2.11296002104759
3109613,352,"2016-11-13 03:09:45",0.61,113.6,0.031,0.6,0,45.52,2.1481759864144316
3109642,352,"2016-11-13 03:10:45",0.6,113.3,0.032,0.6,0,45.53,2.1753602483588548
3109672,352,"2016-11-13 03:11:45",0.62,113.6,0.031,0.6,0,45.55,2.1833919517812728
3109701,352,"2016-11-13 03:12:45",0.61,113.5,0.031,0.6,0,45.56,2.146285015255361
3109730,352,"2016-11-13 03:13:45",0.6,113.3,0.031,0.6,0,45.58,2.107380106061101
3109759,352,"2016-11-13 03:14:45",0.61,113.5,0.031,0.6,0,45.6,2.146285015255361
3109788,352,"2016-11-13 03:15:45",0.61,113.3,0.031,0.6,0,45.61,2.14250307293722
3109819,352,"2016-11-13 03:16:45",0.61,113.4,0.031,0.6,0,45.63,2.1443940440962903
3109847,352,"2016-11-13 03:17:45",0.61,113.3,0.031,0.6,0,45.65,2.14250307293722
3109876,352,"2016-11-13 03:18:45",0.61,113.8,0.031,0.6,0,45.66,2.1519580730044243
3109905,352,"2016-11-13 03:19:45",0.61,113.6,0.031,0.6,0,45.68,2.1481759864144316
3109934,352,"2016-11-13 03:20:45",0.61,113.7,0.031,0.6,0,45.7,2.150066957573502
3109963,352,"2016-11-13 03:21:45",0.61,113.6,0.031,0.6,0,45.71,2.1481759864144316
3109992,352,"2016-11-13 03:22:45",0.61,113.7,0.031,0.6,0,45.73,2.150066957573502
3110021,352,"2016-11-13 03:23:45",0.61,113.7,0.031,0.6,0,45.74,2.150066957573502
3110050,352,"2016-11-13 03:24:45",0.61,113.5,0.031,0.6,0,45.76,2.146285015255361
3110079,352,"2016-11-13 03:25:45",0.61,113.6,0.031,0.6,0,45.78,2.1481759864144316
3110108,352,"2016-11-13 03:26:45",0.62,113.7,0.031,0.6,0,45.79,2.185313922437251
3110137,352,"2016-11-13 03:27:45",0.61,113.4,0.031,0.6,0,45.81,2.1443940440962903
3110166,352,"2016-11-13 03:28:45",0.6,113.9,0.031,0.6,0,45.83,2.1185400779408208
3110195,352,"2016-11-13 03:29:45",0.62,113.9,0.031,0.6,0,45.84,2.1891580103861683
3110224,352,"2016-11-13 03:30:45",0.61,113.6,0.031,0.6,0,45.86,2.1481759864144316
3110253,352,"2016-11-13 03:31:45",0.61,113.6,0.031,0.6,0,45.88,2.1481759864144316
3110282,352,"2016-11-13 03:32:45",0.61,113.8,0.031,0.6,0,45.89,2.1519580730044243
3110311,352,"2016-11-13 03:33:45",0.6,113.5,0.032,0.6,0,45.91,2.1792001901000777
3110340,352,"2016-11-13 03:34:45",0.61,113.7,0.031,0.6,0,45.92,2.150066957573502
3110369,352,"2016-11-13 03:35:45",0.62,113.6,0.031,0.6,0,45.94,2.1833919517812728
3110398,352,"2016-11-13 03:36:45",0.61,113.5,0.031,0.6,0,45.96,2.146285015255361
3110427,352,"2016-11-13 03:37:45",0.61,113.7,0.031,0.6,0,45.97,2.150066957573502
3110456,352,"2016-11-13 03:38:45",0.61,113.8,0.031,0.6,0,45.99,2.1519580730044243
3110485,352,"2016-11-13 03:39:45",0.61,113.6,0.031,0.6,0,46.01,2.1481759864144316
3110514,352,"2016-11-13 03:40:45",0.61,113.9,0.031,0.6,0,46.02,2.1538490441634948
3110543,352,"2016-11-13 03:41:45",0.62,113.9,0.031,0.6,0,46.04,2.1891580103861683
3110572,352,"2016-11-13 03:42:45",0.63,113.8,0.031,0.6,0,46.06,2.2225140064559565
3110601,352,"2016-11-13 03:43:45",0.62,113.7,0.031,0.6,0,46.07,2.185313922437251
3110630,352,"2016-11-13 03:44:45",0.61,113.8,0.031,0.6,0,46.09,2.1519580730044243
3110659,352,"2016-11-13 03:45:45",0.61,114,0.031,0.6,0,46.11,2.155740015322565
3110688,352,"2016-11-13 03:46:45",0.62,113.6,0.031,0.6,0,46.12,2.1833919517812728
3110717,352,"2016-11-13 03:47:45",0.61,113.7,0.031,0.6,0,46.14,2.150066957573502
3110747,352,"2016-11-13 03:48:45",0.6,113.6,0.032,0.6,0,46.15,2.1811201609706896
3110776,352,"2016-11-13 03:49:45",0.62,113.7,0.031,0.6,0,46.17,2.185313922437251
3110805,352,"2016-11-13 03:50:45",0.61,113.6,0.031,0.6,0,46.19,2.1481759864144316
3110834,352,"2016-11-13 03:51:45",0.61,113.8,0.031,0.6,0,46.2,2.1519580730044243
3110863,352,"2016-11-13 03:52:45",0.6,113.7,0.031,0.6,0,46.22,2.1148199927097533
3110892,352,"2016-11-13 03:53:45",0.61,113.9,0.031,0.6,0,46.24,2.1538490441634948
3110921,352,"2016-11-13 03:54:45",0.6,113.7,0.031,0.6,0,46.25,2.1148199927097533
3110950,352,"2016-11-13 03:55:45",0.61,113.6,0.031,0.6,0,46.27,2.1481759864144316
3110979,352,"2016-11-13 03:56:45",0.61,113.8,0.031,0.6,0,46.29,2.1519580730044243
3111008,352,"2016-11-13 03:57:45",0.61,113.5,0.031,0.6,0,46.3,2.146285015255361
3111037,352,"2016-11-13 03:58:45",0.62,113.6,0.031,0.6,0,46.32,2.1833919517812728
3111066,352,"2016-11-13 03:59:45",0.61,113.7,0.031,0.6,0,46.33,2.150066957573502
3111095,352,"2016-11-13 04:00:45",0.61,113.7,0.031,0.6,0,46.35,2.150066957573502
3111124,352,"2016-11-13 04:01:45",0.61,113.6,0.031,0.6,0,46.37,2.1481759864144316
3111153,352,"2016-11-13 04:02:45",0.61,113.5,0.031,0.6,0,46.38,2.146285015255361
3111182,352,"2016-11-13 04:03:45",0.62,113.7,0.031,0.6,0,46.4,2.185313922437251
3111211,352,"2016-11-13 04:04:45",0.61,113.7,0.031,0.6,0,46.42,2.150066957573502
3111240,352,"2016-11-13 04:05:45",0.61,113.5,0.031,0.6,0,46.43,2.146285015255361
3111269,352,"2016-11-13 04:06:45",0.61,113.6,0.031,0.6,0,46.45,2.1481759864144316
3111298,352,"2016-11-13 04:07:45",0.61,113.7,0.031,0.6,0,46.47,2.150066957573502
3111327,352,"2016-11-13 04:08:45",0.61,113.4,0.031,0.6,0,46.48,2.1443940440962903
3111356,352,"2016-11-13 04:09:45",0.61,113.6,0.031,0.6,0,46.5,2.1481759864144316
3111385,352,"2016-11-13 04:10:45",0.61,113.5,0.031,0.6,0,46.51,2.146285015255361
3111414,352,"2016-11-13 04:11:45",0.61,113.3,0.031,0.6,0,46.53,2.14250307293722
3111443,352,"2016-11-13 04:12:45",0.61,113.5,0.031,0.6,0,46.55,2.146285015255361
3111472,352,"2016-11-13 04:13:45",0.61,113.4,0.031,0.6,0,46.56,2.1443940440962903
3111501,352,"2016-11-13 04:14:45",0.61,113.2,0.031,0.6,0,46.58,2.1406119575062976
3111530,352,"2016-11-13 04:15:45",0.61,113.4,0.031,0.6,0,46.6,2.1443940440962903
3111559,352,"2016-11-13 04:16:45",0.61,113.5,0.031,0.6,0,46.61,2.146285015255361
3111588,352,"2016-11-13 04:17:45",0.59,113.2,0.032,0.6,0,46.63,2.1372159488939
3111617,352,"2016-11-13 04:18:45",0.61,113.4,0.031,0.6,0,46.65,2.1443940440962903
3111646,352,"2016-11-13 04:19:45",0.61,113.4,0.031,0.6,0,46.66,2.1443940440962903
3111675,352,"2016-11-13 04:20:45",0.61,113.5,0.031,0.6,0,46.68,2.146285015255361
3111704,352,"2016-11-13 04:21:45",0.6,113.4,0.031,0.6,0,46.7,2.109240077723264
3111733,352,"2016-11-13 04:22:45",0.61,113.5,0.031,0.6,0,46.71,2.146285015255361
3111762,352,"2016-11-13 04:23:45",0.61,113.4,0.031,0.6,0,46.73,2.1443940440962903
3111791,352,"2016-11-13 04:24:45",0.62,113.4,0.031,0.6,0,46.74,2.179548010469317
3111820,352,"2016-11-13 04:25:45",0.61,113.4,0.031,0.6,0,46.76,2.1443940440962903
3111851,352,"2016-11-13 04:26:45",0.61,113.5,0.031,0.6,0,46.78,2.146285015255361
3111879,352,"2016-11-13 04:27:45",0.6,113.3,0.032,0.6,0,46.79,2.1753602483588548
3111908,352,"2016-11-13 04:28:45",0.62,113.5,0.031,0.6,0,46.81,2.1814699811252947
3111937,352,"2016-11-13 04:29:45",0.61,113.5,0.031,0.6,0,46.83,2.146285015255361
3111966,352,"2016-11-13 04:30:45",0.59,113.5,0.032,0.6,0,46.84,2.142880006528343
3111995,352,"2016-11-13 04:31:45",0.6,113.5,0.031,0.6,0,46.86,2.111100049385427
3112024,352,"2016-11-13 04:32:45",0.61,113.6,0.031,0.6,0,46.88,2.1481759864144316
3112053,352,"2016-11-13 04:33:45",0.61,113.6,0.031,0.6,0,46.89,2.1481759864144316
3112082,352,"2016-11-13 04:34:45",0.59,113.3,0.032,0.6,0,46.91,2.139104064134027
3112113,352,"2016-11-13 04:35:45",0.61,113.5,0.031,0.6,0,46.92,2.146285015255361
3112144,352,"2016-11-13 04:36:45",0.61,113.5,0.031,0.6,0,46.94,2.146285015255361
3112175,352,"2016-11-13 04:37:45",0.61,113.3,0.031,0.6,0,46.96,2.14250307293722
3112206,352,"2016-11-13 04:38:45",0.61,113.6,0.031,0.6,0,46.97,2.1481759864144316
3112237,352,"2016-11-13 04:39:45",0.61,113.5,0.031,0.6,0,46.99,2.146285015255361
3112268,352,"2016-11-13 04:40:45",0.61,113.6,0.031,0.6,0,47.01,2.1481759864144316
3112299,352,"2016-11-13 04:41:45",0.61,113.5,0.031,0.6,0,47.02,2.146285015255361
3112330,352,"2016-11-13 04:42:45",0.61,113.3,0.031,0.6,0,47.04,2.14250307293722
3112361,352,"2016-11-13 04:43:45",0.59,113.2,0.032,0.6,0,47.06,2.1372159488939
3112392,352,"2016-11-13 04:44:45",0.61,113.4,0.031,0.6,0,47.07,2.1443940440962903
3112420,352,"2016-11-13 04:45:45",0.6,113.3,0.031,0.6,0,47.09,2.107380106061101
3112449,352,"2016-11-13 04:46:45",0.6,113.2,0.031,0.6,0,47.1,2.105519992492196
3112478,352,"2016-11-13 04:47:45",0.6,113.2,0.032,0.6,0,47.12,2.1734401310038556
3112507,352,"2016-11-13 04:48:45",0.61,113.4,0.031,0.6,0,47.14,2.1443940440962903
3112536,352,"2016-11-13 04:49:45",0.61,113.6,0.031,0.6,0,47.15,2.1481759864144316
3112565,352,"2016-11-13 04:50:45",0.6,113.2,0.031,0.6,0,47.17,2.105519992492196
3112594,352,"2016-11-13 04:51:45",0.61,113.5,0.031,0.6,0,47.19,2.146285015255361
3112623,352,"2016-11-13 04:52:45",0.61,113.5,0.031,0.6,0,47.2,2.146285015255361
3112652,352,"2016-11-13 04:53:45",0.61,113.4,0.031,0.6,0,47.22,2.1443940440962903
3112681,352,"2016-11-13 04:54:45",0.61,113.4,0.031,0.6,0,47.24,2.1443940440962903
3112710,352,"2016-11-13 04:55:45",0.61,113.7,0.031,0.6,0,47.25,2.150066957573502
3112739,352,"2016-11-13 04:56:45",0.62,113.8,0.031,0.6,0,47.27,2.1872360397301907
3112768,352,"2016-11-13 04:57:45",0.61,113.5,0.031,0.6,0,47.29,2.146285015255361
3112797,352,"2016-11-13 04:58:45",0.6,113.6,0.031,0.6,0,47.3,2.11296002104759
3112827,352,"2016-11-13 04:59:45",0.62,113.7,0.031,0.6,0,47.32,2.185313922437251
3112856,352,"2016-11-13 05:00:45",0.61,113.7,0.031,0.6,0,47.33,2.150066957573502
3112886,352,"2016-11-13 05:01:45",0.61,113.5,0.031,0.6,0,47.35,2.146285015255361
3112915,352,"2016-11-13 05:02:45",0.61,113.7,0.031,0.6,0,47.37,2.150066957573502
3112944,352,"2016-11-13 05:03:45",0.62,113.7,0.031,0.6,0,47.38,2.185313922437251
3112973,352,"2016-11-13 05:04:45",0.6,113.7,0.031,0.6,0,47.4,2.1148199927097533
3113002,352,"2016-11-13 05:05:45",0.6,113.4,0.032,0.6,0,47.42,2.1772802192294662
3113031,352,"2016-11-13 05:06:45",0.61,113.5,0.031,0.6,0,47.43,2.146285015255361
3113060,352,"2016-11-13 05:07:45",0.6,113.1,0.031,0.6,0,47.45,2.1036600208300333
3113089,352,"2016-11-13 05:08:45",0.61,113.4,0.031,0.6,0,47.47,2.1443940440962903
3113118,352,"2016-11-13 05:09:45",0.61,113.5,0.031,0.6,0,47.48,2.146285015255361
3113147,352,"2016-11-13 05:10:45",0.59,113.2,0.032,0.6,0,47.5,2.1372159488939
3113176,352,"2016-11-13 05:11:45",0.59,113.3,0.032,0.6,0,47.51,2.139104064134027
3113205,352,"2016-11-13 05:12:45",0.61,113.3,0.031,0.6,0,47.53,2.14250307293722
3113234,352,"2016-11-13 05:13:45",0.61,113.5,0.031,0.6,0,47.55,2.146285015255361
3113265,352,"2016-11-13 05:14:45",0.6,113.4,0.031,0.6,0,47.56,2.109240077723264
3113296,352,"2016-11-13 05:15:45",0.6,113.4,0.031,0.6,0,47.58,2.109240077723264
3113327,352,"2016-11-13 05:16:45",0.61,113.5,0.032,0.6,0,47.6,2.2155201571877328
3113358,352,"2016-11-13 05:17:45",0.61,113.5,0.031,0.6,0,47.61,2.146285015255361
3113389,352,"2016-11-13 05:18:45",0.61,113.2,0.031,0.6,0,47.63,2.1406119575062976
3113420,352,"2016-11-13 05:19:45",0.63,113.5,0.031,0.6,0,47.65,2.216654946995229
3113451,352,"2016-11-13 05:20:45",0.61,113.5,0.031,0.6,0,47.66,2.146285015255361
3113482,352,"2016-11-13 05:21:45",0.59,113.2,0.032,0.6,0,47.68,2.1372159488939
3113513,352,"2016-11-13 05:22:45",0.6,113.5,0.032,0.6,0,47.69,2.1792001901000777
3113544,352,"2016-11-13 05:23:45",0.6,113.4,0.032,0.6,0,47.71,2.1772802192294662
3113573,352,"2016-11-13 05:24:45",0.61,113.5,0.031,0.6,0,47.73,2.146285015255361
3113602,352,"2016-11-13 05:25:45",0.61,113.6,0.031,0.6,0,47.74,2.1481759864144316
3113631,352,"2016-11-13 05:26:45",0.61,113.5,0.031,0.6,0,47.76,2.146285015255361
3113660,352,"2016-11-13 05:27:45",0.61,113.5,0.031,0.6,0,47.78,2.146285015255361
3113689,352,"2016-11-13 05:28:45",0.61,113.7,0.031,0.6,0,47.79,2.150066957573502
3113718,352,"2016-11-13 05:29:45",0.6,113.4,0.032,0.6,0,47.81,2.1772802192294662
3113747,352,"2016-11-13 05:30:45",0.59,113.2,0.032,0.6,0,47.83,2.1372159488939
3113776,352,"2016-11-13 05:31:45",0.61,113.6,0.031,0.6,0,47.84,2.1481759864144316
3113805,352,"2016-11-13 05:32:45",0.61,113.4,0.031,0.6,0,47.86,2.1443940440962903
3113834,352,"2016-11-13 05:33:45",0.61,113.2,0.031,0.6,0,47.88,2.1406119575062976
3113863,352,"2016-11-13 05:34:45",0.61,113.4,0.031,0.6,0,47.89,2.1443940440962903
3113892,352,"2016-11-13 05:35:45",0.61,113.3,0.031,0.6,0,47.91,2.14250307293722
3113921,352,"2016-11-13 05:36:45",0.61,113.6,0.031,0.6,0,47.92,2.1481759864144316
3113950,352,"2016-11-13 05:37:45",0.6,113.4,0.032,0.6,0,47.94,2.1772802192294662
3113979,352,"2016-11-13 05:38:45",0.62,113.8,0.031,0.6,0,47.96,2.1872360397301907
3114008,352,"2016-11-13 05:39:45",0.62,113.9,0.031,0.6,0,47.97,2.1891580103861683
3114037,352,"2016-11-13 05:40:45",0.6,113.6,0.031,0.6,0,47.99,2.11296002104759
3114066,352,"2016-11-13 05:41:45",0.61,113.8,0.031,0.6,0,48.01,2.1519580730044243
3114095,352,"2016-11-13 05:42:44",0.61,113.8,0.031,0.6,0,48.02,2.1519580730044243
3114124,352,"2016-11-13 05:43:44",0.61,113.8,0.031,0.6,0,48.04,2.1519580730044243
3114153,352,"2016-11-13 05:44:44",0.61,113.6,0.031,0.6,0,48.06,2.1481759864144316
3114182,352,"2016-11-13 05:45:44",0.62,114,0.031,0.6,0,48.07,2.1910799810421464
3114211,352,"2016-11-13 05:46:44",0.61,113.8,0.031,0.6,0,48.09,2.1519580730044243
3114240,352,"2016-11-13 05:47:44",0.62,113.6,0.031,0.6,0,48.1,2.1833919517812728
3114269,352,"2016-11-13 05:48:44",0.61,113.9,0.031,0.6,0,48.12,2.1538490441634948
3114298,352,"2016-11-13 05:49:44",0.61,113.6,0.031,0.6,0,48.14,2.1481759864144316
3114327,352,"2016-11-13 05:50:44",0.62,113.7,0.031,0.6,0,48.15,2.185313922437251
3114356,352,"2016-11-13 05:51:44",0.61,113.5,0.031,0.6,0,48.17,2.146285015255361
3114385,352,"2016-11-13 05:52:44",0.59,113.5,0.032,0.6,0,48.19,2.142880006528343
3114414,352,"2016-11-13 05:53:44",0.6,113.5,0.032,0.6,0,48.2,2.1792001901000777
3114443,352,"2016-11-13 05:54:44",0.61,113.5,0.031,0.6,0,48.22,2.146285015255361
3114472,352,"2016-11-13 05:55:44",0.61,113.5,0.031,0.6,0,48.24,2.146285015255361
3114501,352,"2016-11-13 05:56:44",0.62,113.7,0.031,0.6,0,48.25,2.185313922437251
3114530,352,"2016-11-13 05:57:44",0.6,113.5,0.031,0.6,0,48.27,2.111100049385427
3114559,352,"2016-11-13 05:58:44",0.61,113.4,0.031,0.6,0,48.28,2.1443940440962903
3114588,352,"2016-11-13 05:59:44",0.61,113.7,0.031,0.6,0,48.3,2.150066957573502
3114617,352,"2016-11-13 06:00:44",0.61,113.6,0.031,0.6,0,48.32,2.1481759864144316
3114646,352,"2016-11-13 06:01:44",0.61,113.5,0.031,0.6,0,48.33,2.146285015255361
3114675,352,"2016-11-13 06:02:44",0.62,113.9,0.031,0.6,0,48.35,2.1891580103861683
3114704,352,"2016-11-13 06:03:44",0.62,113.6,0.031,0.6,0,48.37,2.1833919517812728
3114733,352,"2016-11-13 06:04:44",0.61,113.5,0.031,0.6,0,48.38,2.146285015255361
3114762,352,"2016-11-13 06:05:44",0.62,113.7,0.031,0.6,0,48.4,2.185313922437251
3114791,352,"2016-11-13 06:06:44",0.61,113.5,0.031,0.6,0,48.42,2.146285015255361
3114820,352,"2016-11-13 06:07:44",0.61,113.8,0.031,0.6,0,48.43,2.1519580730044243
3114849,352,"2016-11-13 06:08:44",0.62,113.8,0.031,0.6,0,48.45,2.1872360397301907
3114880,352,"2016-11-13 06:09:44",0.61,113.8,0.031,0.6,0,48.47,2.1519580730044243
3114908,352,"2016-11-13 06:10:44",0.61,113.9,0.031,0.6,0,48.48,2.1538490441634948
3114937,352,"2016-11-13 06:11:44",0.61,113.7,0.031,0.6,0,48.5,2.150066957573502
3114966,352,"2016-11-13 06:12:44",0.6,113.6,0.031,0.6,0,48.51,2.11296002104759
3114995,352,"2016-11-13 06:13:44",0.61,113.7,0.031,0.6,0,48.53,2.150066957573502
3115024,352,"2016-11-13 06:14:44",0.61,113.3,0.031,0.6,0,48.55,2.14250307293722
3115053,352,"2016-11-13 06:15:44",0.61,113.6,0.031,0.6,0,48.56,2.1481759864144316
3115082,352,"2016-11-13 06:16:44",0.6,113.7,0.031,0.6,0,48.58,2.1148199927097533
3115111,352,"2016-11-13 06:17:44",0.61,113.4,0.031,0.6,0,48.6,2.1443940440962903
3115140,352,"2016-11-13 06:18:44",0.61,113.4,0.031,0.6,0,48.61,2.1443940440962903
3115169,352,"2016-11-13 06:19:44",0.61,113.6,0.031,0.6,0,48.63,2.1481759864144316
3115198,352,"2016-11-13 06:20:44",0.61,113.5,0.031,0.6,0,48.65,2.146285015255361
3115227,352,"2016-11-13 06:21:44",0.61,113.6,0.031,0.6,0,48.66,2.1481759864144316
3115256,352,"2016-11-13 06:22:44",0.61,113.9,0.031,0.6,0,48.68,2.1538490441634948
3115285,352,"2016-11-13 06:23:44",0.62,113.9,0.031,0.6,0,48.69,2.1891580103861683
3115315,352,"2016-11-13 06:24:44",0.61,114.1,0.031,0.6,0,48.71,2.1576309864816356
3115403,352,"2016-11-13 06:27:44",0.6,114,0.031,0.6,0,48.76,2.120400049602984
3115433,352,"2016-11-13 06:28:44",0.61,113.8,0.031,0.6,0,48.77,2.1519580730044243
3115463,352,"2016-11-13 06:29:44",0.62,113.8,0.031,0.6,0,48.79,2.1872360397301907
3115493,352,"2016-11-13 06:30:44",0.63,114.1,0.031,0.6,0,48.81,2.228372916914613
3115523,352,"2016-11-13 06:31:44",0.62,114,0.031,0.6,0,48.82,2.1910799810421464
3115554,352,"2016-11-13 06:32:44",0.61,113.8,0.031,0.6,0,48.84,2.1519580730044243
3115582,352,"2016-11-13 06:33:44",0.62,114,0.031,0.6,0,48.86,2.1910799810421464
3115613,352,"2016-11-13 06:34:44",0.62,113.9,0.031,0.6,0,48.87,2.1891580103861683
3115644,352,"2016-11-13 06:35:44",0.61,113.8,0.031,0.6,0,48.89,2.1519580730044243
3115675,352,"2016-11-13 06:36:44",0.62,114.1,0.031,0.6,0,48.91,2.1930019516981245
3115706,352,"2016-11-13 06:37:44",0.61,113.7,0.031,0.6,0,48.92,2.150066957573502
3115737,352,"2016-11-13 06:38:44",0.61,113.8,0.031,0.6,0,48.94,2.1519580730044243
3115769,352,"2016-11-13 06:39:44",0.61,113.9,0.031,0.6,0,48.95,2.1538490441634948
3115800,352,"2016-11-13 06:40:44",0.61,113.7,0.031,0.6,0,48.97,2.150066957573502
3115831,352,"2016-11-13 06:41:44",0.61,113.9,0.031,0.6,0,48.99,2.1538490441634948
3115862,352,"2016-11-13 06:42:44",0.61,113.8,0.031,0.6,0,49,2.1519580730044243
3115951,352,"2016-11-13 06:45:44",0.62,114,0.031,0.6,0,49.05,2.1910799810421464
3115980,352,"2016-11-13 06:46:44",0.61,114,0.031,0.6,0,49.07,2.155740015322565
3116009,352,"2016-11-13 06:47:44",0.61,114.2,0.031,0.6,0,49.08,2.159521957640706
3116037,352,"2016-11-13 06:48:44",0.62,114,0.031,0.6,0,49.1,2.1910799810421464
3116065,352,"2016-11-13 06:49:44",0.63,113.9,0.031,0.6,0,49.12,2.2244669766088423
3116095,352,"2016-11-13 06:50:44",0.62,114.2,0.031,0.6,0,49.13,2.194923922354102
3116124,352,"2016-11-13 06:51:44",0.61,114,0.031,0.6,0,49.15,2.155740015322565
3116155,352,"2016-11-13 06:52:44",0.62,114.1,0.031,0.6,0,49.16,2.1930019516981245
3116183,352,"2016-11-13 06:53:44",0.61,114,0.031,0.6,0,49.18,2.155740015322565
3116212,352,"2016-11-13 06:54:44",0.62,113.9,0.031,0.6,0,49.2,2.1891580103861683
3116241,352,"2016-11-13 06:55:44",0.61,114,0.031,0.6,0,49.21,2.155740015322565
3116270,352,"2016-11-13 06:56:44",0.61,114,0.031,0.6,0,49.23,2.155740015322565
3116300,352,"2016-11-13 06:57:44",0.61,114,0.031,0.6,0,49.25,2.155740015322565
3116329,352,"2016-11-13 06:58:44",0.61,113.9,0.031,0.6,0,49.26,2.1538490441634948
3116358,352,"2016-11-13 06:59:44",0.61,113.9,0.031,0.6,0,49.28,2.1538490441634948
3116387,352,"2016-11-13 07:00:44",0.61,114,0.031,0.6,0,49.3,2.155740015322565
3116416,352,"2016-11-13 07:01:44",0.61,113.9,0.031,0.6,0,49.31,2.1538490441634948
3116445,352,"2016-11-13 07:02:44",0.63,114.1,0.031,0.6,0,49.33,2.228372916914613
3116474,352,"2016-11-13 07:03:44",0.63,114.2,0.031,0.6,0,49.34,2.2303258870674987
3116503,352,"2016-11-13 07:04:44",0.62,114.1,0.031,0.6,0,49.36,2.1930019516981245
3116532,352,"2016-11-13 07:05:44",0.61,114,0.031,0.6,0,49.38,2.155740015322565
3116561,352,"2016-11-13 07:06:44",0.61,113.9,0.031,0.6,0,49.39,2.1538490441634948
3116590,352,"2016-11-13 07:07:44",0.62,114.1,0.031,0.6,0,49.41,2.1930019516981245
3116619,352,"2016-11-13 07:08:44",0.62,113.9,0.031,0.6,0,49.43,2.1891580103861683
3116648,352,"2016-11-13 07:09:44",0.63,113.9,0.031,0.6,0,49.44,2.2244669766088423
3116677,352,"2016-11-13 07:10:44",0.63,114.3,0.031,0.6,0,49.46,2.2322790062224556
3116706,352,"2016-11-13 07:11:44",0.62,114.2,0.03,0.6,0,49.48,2.1241199120959644
3116735,352,"2016-11-13 07:12:44",0.61,114.1,0.031,0.6,0,49.49,2.1576309864816356
3116764,352,"2016-11-13 07:13:44",0.62,114.1,0.031,0.6,0,49.51,2.1930019516981245
3116795,352,"2016-11-13 07:14:44",0.62,114.1,0.031,0.6,0,49.53,2.1930019516981245
3116826,352,"2016-11-13 07:15:44",0.62,114.1,0.031,0.6,0,49.54,2.1930019516981245
3116857,352,"2016-11-13 07:16:44",0.63,114.3,0.031,0.6,0,49.56,2.2322790062224556
3116888,352,"2016-11-13 07:17:44",0.62,114.1,0.031,0.6,0,49.57,2.1930019516981245
3116919,352,"2016-11-13 07:18:44",0.63,114.1,0.031,0.6,0,49.59,2.228372916914613
3116950,352,"2016-11-13 07:19:44",0.62,114.1,0.031,0.6,0,49.61,2.1930019516981245
3116981,352,"2016-11-13 07:20:44",0.61,113.9,0.031,0.6,0,49.62,2.1538490441634948
3117012,352,"2016-11-13 07:21:44",0.62,114.2,0.031,0.6,0,49.64,2.194923922354102
3117043,352,"2016-11-13 07:22:44",0.62,114,0.031,0.6,0,49.66,2.1910799810421464
3117074,352,"2016-11-13 07:23:44",0.63,114.2,0.031,0.6,0,49.67,2.2303258870674987
3117102,352,"2016-11-13 07:24:44",0.62,114.1,0.031,0.6,0,49.69,2.1930019516981245
3117131,352,"2016-11-13 07:25:44",0.61,114.2,0.031,0.6,0,49.71,2.159521957640706
3117160,352,"2016-11-13 07:26:44",0.61,114.2,0.031,0.6,0,49.72,2.159521957640706
3117189,352,"2016-11-13 07:27:44",0.61,114,0.031,0.6,0,49.74,2.155740015322565
3117218,352,"2016-11-13 07:28:44",0.61,114.1,0.031,0.6,0,49.75,2.1576309864816356
3117247,352,"2016-11-13 07:29:44",0.62,114.1,0.031,0.6,0,49.77,2.1930019516981245
3117276,352,"2016-11-13 07:30:44",0.61,113.8,0.031,0.6,0,49.79,2.1519580730044243
3117305,352,"2016-11-13 07:31:44",0.63,114.3,0.031,0.6,0,49.8,2.2322790062224556
3117334,352,"2016-11-13 07:32:44",0.62,114.2,0.031,0.6,0,49.82,2.194923922354102
3117363,352,"2016-11-13 07:33:44",0.61,114.2,0.031,0.6,0,49.84,2.159521957640706
3117392,352,"2016-11-13 07:34:44",0.62,114.2,0.031,0.6,0,49.85,2.194923922354102
3117421,352,"2016-11-13 07:35:44",0.62,114,0.031,0.6,0,49.87,2.1910799810421464
3117450,352,"2016-11-13 07:36:44",0.61,113.9,0.031,0.6,0,49.89,2.1538490441634948
3117479,352,"2016-11-13 07:37:44",0.62,113.9,0.031,0.6,0,49.9,2.1891580103861683
3117508,352,"2016-11-13 07:38:44",0.61,114,0.031,0.6,0,49.92,2.155740015322565
3117537,352,"2016-11-13 07:39:44",0.6,113.8,0.031,0.6,0,49.93,2.116680106278658
3117566,352,"2016-11-13 07:40:44",0.61,114.1,0.031,0.6,0,49.95,2.1576309864816356
3117595,352,"2016-11-13 07:41:44",0.63,114.3,0.03,0.6,0,49.97,2.1602699930416778
3117624,352,"2016-11-13 07:42:44",0.61,114.3,0.031,0.6,0,49.98,2.1614130730716283
3117653,352,"2016-11-13 07:43:44",0.62,114.4,0.031,0.6,0,50,2.19876801030302
3117682,352,"2016-11-13 07:44:44",0.62,114.2,0.031,0.6,0,50.02,2.194923922354102
3117711,352,"2016-11-13 07:45:44",0.61,114.3,0.031,0.6,0,50.03,2.1614130730716283
3117740,352,"2016-11-13 07:46:44",0.61,114.1,0.031,0.6,0,50.05,2.1576309864816356
3117769,352,"2016-11-13 07:47:44",0.61,114.2,0.031,0.6,0,50.07,2.159521957640706
3117798,352,"2016-11-13 07:48:44",0.61,114.2,0.031,0.6,0,50.08,2.159521957640706
3117827,352,"2016-11-13 07:49:44",0.62,114,0.031,0.6,0,50.1,2.1910799810421464
3117856,352,"2016-11-13 07:50:44",0.62,114.3,0.031,0.6,0,50.12,2.196846039647042
3117885,352,"2016-11-13 07:51:44",0.63,114.4,0.031,0.6,0,50.13,2.234231976375341
3117914,352,"2016-11-13 07:52:44",0.61,114,0.031,0.6,0,50.15,2.155740015322565
3117943,352,"2016-11-13 07:53:44",0.63,114.4,0.031,0.6,0,50.16,2.234231976375341
3117972,352,"2016-11-13 07:54:44",0.62,114.5,0.031,0.6,0,50.18,2.200689980958998
3118001,352,"2016-11-13 07:55:44",0.61,114.2,0.031,0.6,0,50.2,2.159521957640706
3118030,352,"2016-11-13 07:56:44",0.62,114.3,0.031,0.6,0,50.21,2.196846039647042
3118059,352,"2016-11-13 07:57:44",0.61,114.3,0.031,0.6,0,50.23,2.1614130730716283
3118088,352,"2016-11-13 07:58:44",0.61,114.1,0.031,0.6,0,50.25,2.1576309864816356
3118117,352,"2016-11-13 07:59:44",0.62,114.3,0.031,0.6,0,50.26,2.196846039647042
3118146,352,"2016-11-13 08:00:44",0.63,114.4,0.03,0.6,0,50.28,2.1621599641460176
3118175,352,"2016-11-13 08:01:44",0.62,114.1,0.031,0.6,0,50.3,2.1930019516981245
3118204,352,"2016-11-13 08:02:44",0.61,114.4,0.031,0.6,0,50.31,2.1633040442306988
3118233,352,"2016-11-13 08:03:44",0.62,114.3,0.031,0.6,0,50.33,2.196846039647042
3118262,352,"2016-11-13 08:04:44",0.63,114.5,0.03,0.6,0,50.34,2.164049935250357
3118291,352,"2016-11-13 08:05:44",0.63,114.5,0.031,0.6,0,50.36,2.236184946528226
3118320,352,"2016-11-13 08:06:44",0.63,114.5,0.03,0.6,0,50.38,2.164049935250357
3118349,352,"2016-11-13 08:07:44",0.62,114.5,0.031,0.6,0,50.39,2.200689980958998
3118379,352,"2016-11-13 08:08:44",0.65,114.7,0.03,0.6,0,50.41,2.2366498084578716
3118408,352,"2016-11-13 08:09:44",0.63,114.5,0.03,0.6,0,50.43,2.164049935250357
3118437,352,"2016-11-13 08:10:44",0.63,114.6,0.03,0.6,0,50.44,2.165939906354697
3118467,352,"2016-11-13 08:11:44",0.62,114.5,0.031,0.6,0,50.46,2.200689980958998
3118496,352,"2016-11-13 08:12:44",0.63,114.5,0.03,0.6,0,50.48,2.164049935250357
3118525,352,"2016-11-13 08:13:44",0.63,114.5,0.031,0.6,0,50.49,2.236184946528226
3118554,352,"2016-11-13 08:14:44",0.61,114.3,0.031,0.6,0,50.51,2.1614130730716283
3118583,352,"2016-11-13 08:15:44",0.61,114.4,0.031,0.6,0,50.52,2.1633040442306988
3118612,352,"2016-11-13 08:16:44",0.62,114.4,0.031,0.6,0,50.54,2.19876801030302
3118641,352,"2016-11-13 08:17:44",0.62,114.4,0.031,0.6,0,50.56,2.19876801030302
3118670,352,"2016-11-13 08:18:44",0.62,114.2,0.031,0.6,0,50.57,2.194923922354102
3118699,352,"2016-11-13 08:19:44",0.63,114.5,0.03,0.6,0,50.59,2.164049935250357
3118728,352,"2016-11-13 08:20:44",0.62,114.4,0.031,0.6,0,50.61,2.19876801030302
3118758,352,"2016-11-13 08:21:44",0.62,114.6,0.031,0.6,0,50.62,2.202611951614976
3118787,352,"2016-11-13 08:22:44",0.64,114.5,0.03,0.6,0,50.64,2.198399901723863
3118816,352,"2016-11-13 08:23:44",0.62,114.5,0.031,0.6,0,50.66,2.200689980958998
3118845,352,"2016-11-13 08:24:44",0.61,114.5,0.031,0.6,0,50.67,2.165195015389769
3118874,352,"2016-11-13 08:25:44",0.63,114.5,0.031,0.6,0,50.69,2.236184946528226
3118903,352,"2016-11-13 08:26:44",0.62,114.5,0.031,0.6,0,50.71,2.200689980958998
3118932,352,"2016-11-13 08:27:44",0.62,114.5,0.031,0.6,0,50.72,2.200689980958998
3118961,352,"2016-11-13 08:28:44",0.64,114.4,0.03,0.6,0,50.74,2.196479931106567
3118990,352,"2016-11-13 08:29:44",0.63,114.2,0.031,0.6,0,50.75,2.2303258870674987
3119019,352,"2016-11-13 08:30:44",0.61,114.4,0.031,0.6,0,50.77,2.1633040442306988
3119050,352,"2016-11-13 08:31:44",0.62,114.2,0.031,0.6,0,50.79,2.194923922354102
3119081,352,"2016-11-13 08:32:44",0.63,114.3,0.031,0.6,0,50.8,2.2322790062224556
3119113,352,"2016-11-13 08:33:45",0.63,114.4,0.031,0.6,0,50.82,2.234231976375341
3119145,352,"2016-11-13 08:34:44",0.62,114.2,0.031,0.6,0,50.84,2.194923922354102
3119177,352,"2016-11-13 08:35:44",0.62,114.4,0.031,0.6,0,50.85,2.19876801030302
3119209,352,"2016-11-13 08:36:44",0.63,114.4,0.03,0.6,0,50.87,2.1621599641460176
3119241,352,"2016-11-13 08:37:44",0.62,114.3,0.031,0.6,0,50.88,2.196846039647042
3119273,352,"2016-11-13 08:38:44",0.63,114.6,0.031,0.6,0,50.9,2.238137916681112
3119305,352,"2016-11-13 08:39:44",0.63,114.5,0.031,0.6,0,50.92,2.236184946528226
3119337,352,"2016-11-13 08:40:44",0.63,114.5,0.03,0.6,0,50.93,2.164049935250357
3119365,352,"2016-11-13 08:41:44",0.64,114.5,0.03,0.6,0,50.95,2.198399901723863
3119393,352,"2016-11-13 08:42:44",0.62,114.4,0.031,0.6,0,50.97,2.19876801030302
3119421,352,"2016-11-13 08:43:44",0.62,114.4,0.031,0.6,0,50.98,2.19876801030302
3119449,352,"2016-11-13 08:44:44",0.64,114.5,0.03,0.6,0,51,2.198399901723863
3119479,352,"2016-11-13 08:45:44",0.62,114.3,0.031,0.6,0,51.02,2.196846039647042
3119508,352,"2016-11-13 08:46:44",0.61,114.4,0.031,0.6,0,51.03,2.1633040442306988
3119537,352,"2016-11-13 08:47:44",0.61,114.3,0.031,0.6,0,51.05,2.1614130730716283
3119566,352,"2016-11-13 08:48:44",0.6,114,0.031,0.6,0,51.06,2.120400049602984
3119595,352,"2016-11-13 08:49:44",0.62,114.3,0.031,0.6,0,51.08,2.196846039647042
3119623,352,"2016-11-13 08:50:44",0.61,114.2,0.031,0.6,0,51.1,2.159521957640706
3119651,352,"2016-11-13 08:51:44",0.62,114,0.031,0.6,0,51.11,2.1910799810421464
3119681,352,"2016-11-13 08:52:44",0.62,114.4,0.031,0.6,0,51.13,2.19876801030302
3119711,352,"2016-11-13 08:53:44",0.61,114.1,0.031,0.6,0,51.15,2.1576309864816356
3119743,352,"2016-11-13 08:54:44",0.62,114.1,0.031,0.6,0,51.16,2.1930019516981245
3119775,352,"2016-11-13 08:55:44",0.62,114.4,0.031,0.6,0,51.18,2.19876801030302
3119807,352,"2016-11-13 08:56:44",0.62,114.3,0.031,0.6,0,51.2,2.196846039647042
3119839,352,"2016-11-13 08:57:44",0.61,113.9,0.031,0.6,0,51.21,2.1538490441634948
3119872,352,"2016-11-13 08:58:44",0.62,114.4,0.031,0.6,0,51.23,2.19876801030302
3119904,352,"2016-11-13 08:59:44",0.61,114.2,0.031,0.6,0,51.25,2.159521957640706
3119936,352,"2016-11-13 09:00:44",0.61,114.2,0.031,0.6,0,51.26,2.159521957640706
3119968,352,"2016-11-13 09:01:44",0.61,114.2,0.031,0.6,0,51.28,2.159521957640706
3119999,352,"2016-11-13 09:02:44",0.62,114.2,0.031,0.6,0,51.29,2.194923922354102
3120029,352,"2016-11-13 09:03:44",0.61,114.3,0.031,0.6,0,51.31,2.1614130730716283
3120058,352,"2016-11-13 09:04:44",0.61,114.3,0.031,0.6,0,51.33,2.1614130730716283
3120088,352,"2016-11-13 09:05:44",0.62,114.1,0.031,0.6,0,51.34,2.1930019516981245
3120118,352,"2016-11-13 09:06:44",0.61,114.2,0.031,0.6,0,51.36,2.159521957640706
3120148,352,"2016-11-13 09:07:44",0.62,114.1,0.031,0.6,0,51.38,2.1930019516981245
3120177,352,"2016-11-13 09:08:44",0.62,114,0.031,0.6,0,51.39,2.1910799810421464
3120206,352,"2016-11-13 09:09:44",0.62,114.2,0.031,0.6,0,51.41,2.194923922354102
3120235,352,"2016-11-13 09:10:44",0.61,114.1,0.031,0.6,0,51.43,2.1576309864816356
3120264,352,"2016-11-13 09:11:44",0.62,114.1,0.031,0.6,0,51.44,2.1930019516981245
3120293,352,"2016-11-13 09:12:44",0.61,114,0.031,0.6,0,51.46,2.155740015322565
3120322,352,"2016-11-13 09:13:44",0.61,114.2,0.031,0.6,0,51.47,2.159521957640706
3120351,352,"2016-11-13 09:14:44",0.62,114.2,0.031,0.6,0,51.49,2.194923922354102
3120382,352,"2016-11-13 09:15:44",0.62,113.7,0.031,0.6,0,51.51,2.185313922437251
3120413,352,"2016-11-13 09:16:44",0.62,114.4,0.031,0.6,0,51.52,2.19876801030302
3120444,352,"2016-11-13 09:17:44",0.62,114.3,0.031,0.6,0,51.54,2.196846039647042
3120475,352,"2016-11-13 09:18:44",0.62,114.2,0.031,0.6,0,51.56,2.194923922354102
3120507,352,"2016-11-13 09:19:44",0.62,114.3,0.031,0.6,0,51.57,2.196846039647042
3120539,352,"2016-11-13 09:20:44",0.61,114.2,0.031,0.6,0,51.59,2.159521957640706
3120571,352,"2016-11-13 09:21:44",0.62,114,0.031,0.6,0,51.61,2.1910799810421464
3120603,352,"2016-11-13 09:22:44",0.61,114.2,0.031,0.6,0,51.62,2.159521957640706
3120634,352,"2016-11-13 09:23:44",0.62,114.2,0.031,0.6,0,51.64,2.194923922354102
3120665,352,"2016-11-13 09:24:44",0.62,114.2,0.031,0.6,0,51.65,2.194923922354102
3120693,352,"2016-11-13 09:25:44",0.62,114.2,0.031,0.6,0,51.67,2.194923922354102
3120722,352,"2016-11-13 09:26:44",0.61,114.3,0.031,0.6,0,51.69,2.1614130730716283
3120751,352,"2016-11-13 09:27:44",0.61,114.4,0.031,0.6,0,51.7,2.1633040442306988
3120780,352,"2016-11-13 09:28:44",0.62,114.3,0.031,0.6,0,51.72,2.196846039647042
3120809,352,"2016-11-13 09:29:44",0.62,114.4,0.031,0.6,0,51.74,2.19876801030302
3120838,352,"2016-11-13 09:30:44",0.61,114.3,0.031,0.6,0,51.75,2.1614130730716283
3120867,352,"2016-11-13 09:31:44",0.63,114.3,0.031,0.6,0,51.77,2.2322790062224556
3120896,352,"2016-11-13 09:32:44",0.63,114,0.031,0.6,0,51.79,2.2264199467617276
3120925,352,"2016-11-13 09:33:44",0.61,114.5,0.031,0.6,0,51.8,2.165195015389769
3120954,352,"2016-11-13 09:34:44",0.62,114.4,0.031,0.6,0,51.82,2.19876801030302
3120983,352,"2016-11-13 09:35:44",0.61,114.1,0.031,0.6,0,51.83,2.1576309864816356
3121012,352,"2016-11-13 09:36:44",0.62,114.5,0.031,0.6,0,51.85,2.200689980958998
3121041,352,"2016-11-13 09:37:44",0.62,114.2,0.031,0.6,0,51.87,2.194923922354102
3121070,352,"2016-11-13 09:38:44",0.61,114.1,0.031,0.6,0,51.88,2.1576309864816356
3121100,352,"2016-11-13 09:39:44",0.62,114.2,0.031,0.6,0,51.9,2.194923922354102
3121129,352,"2016-11-13 09:40:44",0.62,114.3,0.031,0.6,0,51.92,2.196846039647042
3121158,352,"2016-11-13 09:41:44",0.6,114,0.031,0.6,0,51.93,2.120400049602984
3121187,352,"2016-11-13 09:42:44",0.62,114.2,0.031,0.6,0,51.95,2.194923922354102
3121216,352,"2016-11-13 09:43:44",0.63,114.4,0.031,0.6,0,51.97,2.234231976375341
3121245,352,"2016-11-13 09:44:44",0.62,114.2,0.031,0.6,0,51.98,2.194923922354102
3121274,352,"2016-11-13 09:45:44",0.62,114.2,0.031,0.6,0,52,2.194923922354102
3121303,352,"2016-11-13 09:46:44",0.62,114.3,0.031,0.6,0,52.01,2.196846039647042
3121332,352,"2016-11-13 09:47:44",0.61,114.3,0.031,0.6,0,52.03,2.1614130730716283
3121362,352,"2016-11-13 09:48:44",0.61,114.1,0.031,0.6,0,52.05,2.1576309864816356
3121391,352,"2016-11-13 09:49:44",0.62,114.2,0.031,0.6,0,52.06,2.194923922354102
3121420,352,"2016-11-13 09:50:44",0.63,114.4,0.031,0.6,0,52.08,2.234231976375341
3121449,352,"2016-11-13 09:51:44",0.62,114.1,0.031,0.6,0,52.1,2.1930019516981245
3121478,352,"2016-11-13 09:52:44",0.61,114.2,0.031,0.6,0,52.11,2.159521957640706
3121507,352,"2016-11-13 09:53:44",0.62,114.4,0.031,0.6,0,52.13,2.19876801030302
3121536,352,"2016-11-13 09:54:44",0.6,114.3,0.031,0.6,0,52.15,2.1259801064962147
3121565,352,"2016-11-13 09:55:44",0.63,114.3,0.031,0.6,0,52.16,2.2322790062224556
3121595,352,"2016-11-13 09:56:44",0.62,114.3,0.031,0.6,0,52.18,2.196846039647042
3121625,352,"2016-11-13 09:57:43",0.62,114.3,0.031,0.6,0,52.2,2.196846039647042
3121656,352,"2016-11-13 09:58:44",0.63,114.2,0.031,0.6,0,52.21,2.2303258870674987
3121686,352,"2016-11-13 09:59:43",0.62,114.3,0.031,0.6,0,52.23,2.196846039647042
3121716,352,"2016-11-13 10:00:43",0.62,114.4,0.031,0.6,0,52.24,2.19876801030302
3121746,352,"2016-11-13 10:01:43",0.63,114.3,0.031,0.6,0,52.26,2.2322790062224556
3121776,352,"2016-11-13 10:02:43",0.63,114.3,0.031,0.6,0,52.28,2.2322790062224556
3121806,352,"2016-11-13 10:03:43",0.63,114.6,0.031,0.6,0,52.29,2.238137916681112
3121836,352,"2016-11-13 10:04:47",0.62,114.4,0.031,0.6,0,52.31,2.19876801030302
3121866,352,"2016-11-13 10:05:44",0.62,114.2,0.031,0.6,0,52.33,2.194923922354102
3121896,352,"2016-11-13 10:06:43",0.63,114.4,0.031,0.6,0,52.34,2.234231976375341
3121925,352,"2016-11-13 10:07:43",0.62,114.4,0.031,0.6,0,52.36,2.19876801030302
3121956,352,"2016-11-13 10:08:43",0.6,114.1,0.031,0.6,0,52.37,2.1222600212651472
3121985,352,"2016-11-13 10:09:43",0.61,114.1,0.031,0.6,0,52.39,2.1576309864816356
3122013,352,"2016-11-13 10:10:43",0.62,114.4,0.031,0.6,0,52.41,2.19876801030302
3122040,352,"2016-11-13 10:11:43",0.62,114.2,0.031,0.6,0,52.42,2.194923922354102
3122070,352,"2016-11-13 10:12:43",0.62,114.2,0.031,0.6,0,52.44,2.194923922354102
3122101,352,"2016-11-13 10:13:43",0.61,114.5,0.031,0.6,0,52.46,2.165195015389769
3122129,352,"2016-11-13 10:14:43",0.63,114.3,0.03,0.6,0,52.47,2.1602699930416778
3122156,352,"2016-11-13 10:15:43",0.63,114.2,0.03,0.6,0,52.49,2.158379877741786
3122185,352,"2016-11-13 10:16:43",0.63,114.4,0.031,0.6,0,52.51,2.234231976375341
3122212,352,"2016-11-13 10:17:43",0.63,114.3,0.03,0.6,0,52.52,2.1602699930416778
3122241,352,"2016-11-13 10:18:43",0.62,114.5,0.031,0.6,0,52.54,2.200689980958998
3122271,352,"2016-11-13 10:19:43",0.62,114.4,0.031,0.6,0,52.55,2.19876801030302
3122299,352,"2016-11-13 10:20:43",0.62,114.2,0.031,0.6,0,52.57,2.194923922354102
3122327,352,"2016-11-13 10:21:43",0.62,114.2,0.031,0.6,0,52.59,2.194923922354102
3122358,352,"2016-11-13 10:22:43",0.61,114.1,0.031,0.6,0,52.6,2.1576309864816356
3122389,352,"2016-11-13 10:23:43",0.62,114.4,0.031,0.6,0,52.62,2.19876801030302
3122421,352,"2016-11-13 10:24:43",0.62,114.1,0.031,0.6,0,52.64,2.1930019516981245
3122452,352,"2016-11-13 10:25:43",0.61,114.1,0.031,0.6,0,52.65,2.1576309864816356
3122482,352,"2016-11-13 10:26:44",0.62,114.1,0.031,0.6,0,52.67,2.1930019516981245
3122511,352,"2016-11-13 10:27:43",0.61,114.3,0.031,0.6,0,52.69,2.1614130730716283
3122541,352,"2016-11-13 10:28:43",0.62,114,0.031,0.6,0,52.7,2.1910799810421464
3122572,352,"2016-11-13 10:29:43",0.61,114.1,0.031,0.6,0,52.72,2.1576309864816356
3122604,352,"2016-11-13 10:30:43",0.62,114.3,0.031,0.6,0,52.73,2.196846039647042
3122635,352,"2016-11-13 10:31:43",0.61,114,0.031,0.6,0,52.75,2.155740015322565
3122666,352,"2016-11-13 10:32:43",0.62,114.1,0.031,0.6,0,52.77,2.1930019516981245
3122693,352,"2016-11-13 10:33:43",0.61,114,0.031,0.6,0,52.78,2.155740015322565
3122721,352,"2016-11-13 10:34:43",0.63,114.1,0.031,0.6,0,52.8,2.228372916914613
3122750,352,"2016-11-13 10:35:43",0.62,114.1,0.031,0.6,0,52.82,2.1930019516981245
3122779,352,"2016-11-13 10:36:43",0.62,114.1,0.031,0.6,0,52.83,2.1930019516981245
3122808,352,"2016-11-13 10:37:43",0.62,114.2,0.031,0.6,0,52.85,2.194923922354102
3122837,352,"2016-11-13 10:38:43",0.62,114,0.031,0.6,0,52.87,2.1910799810421464
3122866,352,"2016-11-13 10:39:43",0.61,114.1,0.031,0.6,0,52.88,2.1576309864816356
3122895,352,"2016-11-13 10:40:43",0.63,114.2,0.031,0.6,0,52.9,2.2303258870674987
3122924,352,"2016-11-13 10:41:43",0.62,114.2,0.031,0.6,0,52.91,2.194923922354102
